"error_id","error","created_at","updated_at"
"1","Se us√≥ para describir la confiabilidad del instrumento 000",NULL,NULL
"2","Sin errores 000",NULL,NULL
"3","Se interpreta la significancia del coeficiente de correlaci√≥n para una muestra no aleatoria",NULL,NULL
"4","Se utiliza como indicador de validez en la descripci√≥n del instrumento, sin embargo, no se reportan los indicadores de ajuste",NULL,NULL
"5","Se utiliza como indicador de validez en la descripci√≥n del instrumento 000",NULL,NULL
"6","Se emple√≥ sin verificar la normalidad de los datos",NULL,NULL
"7","Se usan para presentar las normas del instrumento 000",NULL,NULL
"8","Se us√≥ para describir la confiabilidad del instrumento, pero no se da m√°s informaci√≥n sobre que t√©cnica en espec√≠fico es la que se emplea para determinar la confiabilidad, ya que hay varios tipos de m√©todos de las dos mitades.",NULL,NULL
"9","Solo se se√±ala el nombre del procedimiento, no se indican cuales fueron los resultado, ni la t√©cnica matem√°tica utilizada para el contraste.",NULL,NULL
"10","No se especifica la formula empleada",NULL,NULL
"11","No se especifica si es an√°lisis factorial confirmatorio o exploratorio, tampoco se presenta el resumen de los resultados de dicho an√°lisis",NULL,NULL
"12","Se emplea como indicador de validez, la descripci√≥n del procedimiento esta incompleta",NULL,NULL
"13","Se emplea como indicador de que el an√°lisis factorial es bueno, m√°s solo se reporta junto con el KMO, siendo la descripci√≥n insuficiente",NULL,NULL
"14","Se emplea como indicador de que el an√°lisis factorial es bueno, m√°s solo se reporta junto con la prueba de Bartlett, siendo la descripci√≥n insuficiente",NULL,NULL
"15","Se utiliza el coeficiente de Pearson sin verificar la normalidad de los datos",NULL,NULL
"16","No se se√±ala si los datos cumplen con los supuestos para aplicar una prueba param√©trica",NULL,NULL
"17","Se se√±ala como indicador de validez, no se indica de qu√© manera se utiliz√≥, se reporta junto a la prueba U o rho (depende del caso), pero solo reporta un indicador. No se cita la fuente. Estos procedimientos no son comunes para el calculo de la validez por lo que deber√≠a explicarse este procedimiento.",NULL,NULL
"18","Se emplea la prueba U para un estudio longitudinal (evaluar las diferencias pre-post de un programa), el procedimiento apropiado ser√≠a Wilcoxon ùëá que es el equivalente a prueba ùë° para muestras relacionadas.",NULL,NULL
"19","Utiliza el Alpha de Cronbach como indicador de validez y confiabilidad",NULL,NULL
"20","No se especifica si es an√°lisis factorial confirmatorio o exploratorio",NULL,NULL
"21","Utiliza el Alpha de Cronbach como indicador de validez",NULL,NULL
"22","Se interpreta la significancia del coeficiente de correlaci√≥n para una muestra censal, es decir toda la poblaci√≥n, no se prueban los supuesto de normalidad de los datos.",NULL,NULL
"23","No indica los resultados de la prueba.",NULL,NULL
"24","Se utiliza el coeficiente de Pearson sin verificar la normalidad de los datos. Se interpreta la significancia como indicador de existencia de la correlaci√≥n, cuando indica la generalizaci√≥n del coeficiente de la muestra a la poblaci√≥n",NULL,NULL
"25","Se utiliza como indicador de confiabilidad, cuando en verdad solo identifica los factores de riesgo asociados.",NULL,NULL
"26","Se usa para verificar las diferencias seg√∫n tiempo de relaci√≥n, edad 000",NULL,NULL
"27","Hay un error en el resultado, si se tiene una poblaci√≥n de 1382 al 6% de error y los dem√°s par√°metros de manera est√°ndar el valor ser√≠a de 224.",NULL,NULL
"28","Se emple√≥ para verificar la autonom√≠a de los √≠tems dentro de la escala. 000",NULL,NULL
"29","No se especifica que prueba tau se utiliz√≥, adem√°s no se reporta el valor de la prueba, solo su significancia. Se describe bajo una tabla de doble entrada, no corresponde a la prueba tau.",NULL,NULL
"30","Tau toma valores entre 0 y 1. Se reportan valores que caen fuera de este intervalo, se puede asumir que se han multiplicado por 100 pero no se indica.",NULL,NULL
"31","La ecuaci√≥n no es comprensible, no se especifica como est√° definido el operador \(\&\), adem√°s. Solo resulta llamativa porque esta formulada en modo ecuaci√≥n.",NULL,NULL
"32","Usada en su versi√≥n de prueba de bondad de ajuste. 000",NULL,NULL
"33","Se utiliz√≥ para calcular la puntuaci√≥n de las dimensiones en la correcci√≥n del instrumento 000",NULL,NULL
"34","Interpretaci√≥n del p-valor incorrecta error de tipo II. Se acepta la hip√≥tesis nula cuando es falsa.",NULL,NULL
"35","Se ha verificado que los datos siguen una distribuci√≥n no normal, sin embargo se emplea r de Pearson en vez de Rho de Spearman",NULL,NULL
"36","Se emplea como indicador de validez cuando es indicador de confiabilidad",NULL,NULL
"37","Se confunde \(Z\) con  \(e\)",NULL,NULL
"38","No se especifica se lis datos cumplen los supuestos para emplear una prueba param√©trica. Se emplea una prueba t para muestras independientes, cuando, al tratarse de un programa, lo correcto es aplicar una prueba t para muestras relacionadas (antes y despu√©s).",NULL,NULL
"39","Se emple√≥ ANOVA para verificar las diferencias pre test ‚Äì post test, lo recomendado ser√≠a una prueba t para muestras relacionadas. Adem√°s, el ANOVA es para grupos independientes, la alternativa de ANOVA para grupos relacionados es el ANOVA para medidas repetidas.",NULL,NULL
"40","Se emplea la prueba H para verificar las diferencias entre le grupo experimental  el grupo control, cuando, al tener dos grupos, el experimental y el control, lo recomendable ser√≠a emplear la prueba Wilcoxon ùëá",NULL,NULL
"41","Al rehacer el c√°lculo se obtiene un tama√±o de muestra que no coincide con el se√±alado en la investigaci√≥n",NULL,NULL
"42","Se utiliz√≥ para comparar m√°s de dos grupos",NULL,NULL
"43","Se indica que se emple√≥ una prueba t para muestras relacionadas, sin embargo se comparan grupos independientes",NULL,NULL
"44","Se menciona que la consistencia interna y confiabilidad como propiedades diferentes, cuando refieren al mismo indicador, el Alpha de Cronbach.",NULL,NULL
"45","Se indica que el error muestral es de 4% , sin embargo, en la ecuaci√≥n cuando se reemplaza el par√°metro \(e\) se pone como 5, sin decimales. Adem√°s, no se puede recrear el tama√±o de la muestra obtenida.",NULL,NULL
"46","La ecuaci√≥n esta mal escrita, el tama√±o de la muestra no coincide al recrear el calculo",NULL,NULL
"47","Se asume que el KMO es un indicador de validez, an√°logo al Alpha de Cronbach en la confiabilidad. En verdad este indicador solo se√±ala si los datos son apropiados para la realizaci√≥n de un an√°lisis factorial.",NULL,NULL
"48","No se pudieron recrear los resultados de la prueba Chi-cuadrado. La presentaci√≥n de los resultados se mostr√≥ inconsistente en varios cuadros, no siendo entendible.",NULL,NULL
"49","Los resultados no se pudieron recrear.",NULL,NULL
"50","Se se√±ala el procedimiento con el nombre de ‚ÄúRho de Spearmanbrown‚Äù",NULL,NULL
"51","La interpretaci√≥n de las pruebas de normalidad es err√≥nea, se afirma que los datos siguen una distribuci√≥n normal, los datos no siguen una distribuci√≥n normal.",NULL,NULL
"52","Se utiliza una prueba param√©trica pese a que los datos no siguen una distribuci√≥n normal.",NULL,NULL
"53","La ecuaci√≥n est√° mal escrita, solo se se√±ala \(N\) m√°s no se se√±ala \(N-1\).",NULL,NULL
"54","Interpretaci√≥n inadecuada, se interpreta la asociaci√≥n lineal por lineal en vez de la significancia de la prueba Chi.",NULL,NULL
"55","Se uso la prueba chi cuadrado para verificar las diferencias antes y despu√©s de la aplicaci√≥n de un programa. Este es un uso inadecuado de la prueba Chi-cuadrado, ya que esta indica la dependencia o independencia de los datos, no la existencia de diferencias entre estos. Las siguientes t√©cnicas son adecuadas T de Wilcoxon y t de Student para muestras relacionadas.",NULL,NULL
"56","Utilizada como indicador de validez de constructo, pero su uso es poco claro. Ya que como se sabe, esta prueba se utiliza para decidir si puede o no aceptarse que determinado ‚Äútratamiento‚Äù induce un cambio en la respuesta de los elementos sometidos al mismo, y es aplicable a los dise√±os del tipo ‚Äúantes-despu√©s‚Äù en los que cada elemento act√∫a como su propio control.",NULL,NULL
"57","Esta ecuaci√≥n parece no tener sentido ya que \(n_e\) se cancela en la ecuaci√≥n.",NULL,NULL
"58","Se usa la prueba T de Wilcoxon para comprar grupos independientes. La prueba correcta ser√≠a U de Mann-Whitney.",NULL,NULL
"59","Se menciona que se emple√≥ la prueba Kuder Richardson, sin embargo, la ecuaci√≥n presentada corresponde al Alfa de Cronbach.",NULL,NULL
"60","Al parecer se aplica la prueba t para muestras independientes, sin embargo las ecuaciones presentadas no coinciden con lo descrito en la literatura para la prueba t para muestras independientes.",NULL,NULL
"61","Se indica que se emple√≥ la Chi Cuadrada con residuos tipificados, ya que estos est√°n acotados en el intervalo [0,1], se podr√≠a asumir que su expresi√≥n en porcentajes son lo que el autor coloc√≥ en la investigaci√≥n, sin embargo, se han colocado dos de estos calores por cada correlaci√≥n, lo cual no hace sentido a la t√©cnica empleada.",NULL,NULL
