"tecnica_id","created_at","updated_at","tecnica_name","tecnica_desc"
"1",NULL,NULL,"Alfa de Cronbach","vacio"
"2",NULL,NULL,"Frecuencias y porcentajes","vacio"
"3",NULL,NULL,"Media","vacio"
"4",NULL,NULL,"Desviaci√≥n est√°ndar","vacio"
"5",NULL,NULL,"U de Mann-Whitney","vacio"
"6",NULL,NULL,"Rho de Spearman","vacio"
"7",NULL,NULL,"An√°lisis factorial confirmatorio","vacio"
"8",NULL,NULL,"Correlaci√≥n √≠tem-test","vacio"
"9",NULL,NULL,"Confiabilidad Test-retest","vacio"
"10",NULL,NULL,"Validez concurrente","vacio"
"11",NULL,NULL,"Prueba de Chi-cuadrado","vacio"
"12",NULL,NULL,"Tabla de doble entrada","vacio"
"13",NULL,NULL,"ùëü de Pearson","vacio"
"14",NULL,NULL,"Centiles","vacio"
"15",NULL,NULL,"M√©todo de las dos mitades","vacio"
"16",NULL,NULL,"An√°lisis factorial exploratorio","vacio"
"17",NULL,NULL,"An√°lisis de grupos contrastados","vacio"
"18",NULL,NULL,"Kolmogorov-Smirnov","vacio"
"19",NULL,NULL,"Kuder Richardson","vacio"
"20",NULL,NULL,"An√°lisis factorial","vacio"
"21",NULL,NULL,"Prueba de esfericidad de Bartlett","vacio"
"22",NULL,NULL,"Kaiser-Meyer-Olkin (KMO)","vacio"
"23",NULL,NULL,"V de Aiken","vacio"
"24",NULL,NULL,"Tau b de Kendall","vacio"
"25",NULL,NULL,"ùë° de Student para muestras independientes asumiendo varianzas poblacionales iguales","vacio"
"26",NULL,NULL,"Ra√≠z  cuadrada  del  error  cuadr√°tico  medio  de  aproximaci√≥n  (ùëÖùëÄùëÜùê∏ùê¥)","vacio"
"28",NULL,NULL,"Rotaci√≥n de Varimax con normalizaci√≥n de Kaiser","vacio"
"29",NULL,NULL,"√≠ndice de validez de contenido de Lawshe","vacio"
"30",NULL,NULL,"Prueba de Guttman","vacio"
"31",NULL,NULL,"ùë° de Student para muestras independientes","vacio"
"32",NULL,NULL,"Spearman-Brown","vacio"
"33",NULL,NULL,"An√°lisis de componentes principales","vacio"
"34",NULL,NULL,"Rotaci√≥n VARIMAX","vacio"
"36",NULL,NULL,"Adjusted goodness of fit index (AGFI)","vacio"
"37",NULL,NULL,"Ecuaci√≥n de la muestra para un poblaci√≥n conocida","\( n=\frac{N Z^2 p q}{e^2(N-1)+Z^2 pq} \)"
"38",NULL,NULL,"Ecuaci√≥n del bienestar subjetivo (Haidt, 2006)","\(F=B+C+V\)
<br>
\(F\):felicidad 
<br>
\(B\):l√≠nea de base biol√≥gica
<br>
\(C\):condiciones de vida
<br>
\(V\)actividades voluntarias"
"39",NULL,NULL,"Shapiro-Wilk","vacio"
"40",NULL,NULL,"Mediana","vacio"
"41",NULL,NULL,"Moda","vacio"
"42",NULL,NULL,"Varianza","vacio"
"43",NULL,NULL,"Asimetr√≠a","vacio"
"44",NULL,NULL,"Curtosis","vacio"
"45",NULL,NULL,"Rango","vacio"
"46",NULL,NULL,"M√≠nimo","vacio"
"47",NULL,NULL,"M√°ximo","vacio"
"48",NULL,NULL,"ANOVA de un factor","vacio"
"49",NULL,NULL,"Rotaci√≥n Oblim√≠n","vacio"
"50",NULL,NULL,"ùë° de Student para muestras relacionadas","vacio"
"51",NULL,NULL,"Odds ratio","vacio"
"52",NULL,NULL,"Ecuaci√≥n de la muestra de Arkin y Colton","\(n=\frac{400N}{N+399}\)"
"53",NULL,NULL,"Comparative Fit Index (CFI)","vacio"
"54",NULL,NULL,"Promedio de la correlaci√≥n Inter-item","vacio"
"55",NULL,NULL,"Tau de Kendall","Usar cuando no se espec√≠fica la f√≥rmula"
"56",NULL,NULL,"Tau de Goodman-Kruskal","Mide la asociaci√≥n para las tabulaciones cruzadas de las variables de niveles nominales.  Tau toma valores entre 0 y 1, significando el 0 ausencia de reducci√≥n del error de clasificaci√≥n y el 1 reducci√≥n completa."
"57",NULL,NULL,"Teoria del aprendizaje social de Rotter (Predictive Formula)","La teor√≠a tiene cuatro variables 
fundamentales: el potencial de conducta (\(PC\))
<br>
la expectativa (\(E\))
<br>
El valor del reforzador (\(VR\)) 
<br>
la situaci√≥n psicol√≥gica.
<br>
 La 
posibilidad de ocurrencia de una conducta en determinada  situacion y en relacion  can 
cierto reforzador es una funcion de la expectativa de que el reforzador siga a la  conducta, 
asi como de su valor.  Esta relacion se simboliza de la  siguiente manera:
\[PC=E \& VR\]

(Teor√≠as del Aprendizaje de  Dale H. Schunk)"
"58",NULL,NULL,"Regresi√≥n lineal m√∫ltiple","vacio"
"59",NULL,NULL,"Coeficiente de determinaci√≥n R¬≤","vacio"
"60",NULL,NULL,"H de Kruskal-Wallis","vacio"
"61",NULL,NULL,"An√°lisis de correspondencia simple","vacio"
"63",NULL,NULL,"Funci√≥n definida a trozos","vacio"
"64",NULL,NULL,"Eneatipo","vacio"
"65",NULL,NULL,"D de Somers","vacio"
"66",NULL,NULL,"Validez discriminante","vacio"
"67",NULL,NULL,"Cociente Intelectual (C.I.)","\(CI=100(\frac{Edad \ mental}{Edad \ cronol√≥gica})\)"
"68",NULL,NULL,"Ecuaci√≥n de la muestra (Versi√≥n 3)","\(n=\frac{400N}{N+400}\)"
"69",NULL,NULL,"C√°lculo de la productividad total (Chiavenato, 2000)","\[Productividad \ PT=\frac{ Valor \ de \ venta \ de \ productos \ y/o \ servicio}{Costo \  total  \  de \  producci√≥n \  [Mano  de  obra  +  materiales  + energ√≠a + capital (depreciaci√≥n)]}\]

El resultado  de la aplicaci√≥n de la f√≥rmula es una cifra que se interpreta de la siguiente 
manera: Si es mayor que 1, la productividad es positiva y se puede convertir en porcentual si 
se calcula \( 100 (PT - 1) \).  Si la cifra obtenida es menor que 1, la productividad es negativa 

(la unidad est√° operando a p√©rdida) y tambi√©n se puede convertir en porcentaje con la misma 
f√≥rmula, con la diferencia de que va a salir con signo negativo."
"70",NULL,NULL,"Coeficiente de correlaci√≥n no especificado","Usar en caso no se especifique del coeficiente de correlaci√≥n empleado"
"71",NULL,NULL,"Validez de criterio","vacio"
"72",NULL,NULL,"Bentler-Bonnet Non-Normed Fit Index (BBNFI)","vacio"
"73",NULL,NULL,"Coeficiente de Contingencia","vacio"
"74",NULL,NULL,"Ecuaci√≥n de la muestra para un poblaci√≥n desconocida o infinita","\[n=\frac{Z^2pq}{e^2}\]"
"75",NULL,NULL,"Correcci√≥n de Yates","vacio"
"76",NULL,NULL,"Regresi√≥n lineal simple","vacio"
"77",NULL,NULL,"Kuder-Richardson 20","vacio"
"78",NULL,NULL,"Wilcoxon ùëá","vacio"
"79",NULL,NULL,"Rotaci√≥n Promax","vacio"
"80",NULL,NULL,"d de Cohen","vacio"
"81",NULL,NULL,"Sensibilidad","Es la probabilidad de clasificar correctamente a un individuo enfermo, es decir, la probabilidad de que 
para un sujeto enfermo se obtenga en la prueba un resultado positivo. La sensibilidad es, por lo tanto, la 
capacidad del test para detectar la enfermedad. 
\[Sensibilidad=\frac{VP}{VP+FN}\]
\(VP\):Verdadero positivo
\(FN\):Falso negativo"
"82",NULL,NULL,"Especificidad","Es la probabilidad de clasificar correctamente a un individuo sano, es decir, la probabilidad de que para un sujeto sano se obtenga un resultado negativo. En otras palabras, se puede definir la especificidad como la capacidad para detectar a los sanos.  fracci√≥n de verdaderos negativos (FVN)

\[Especificidad=\frac{VN}{VN+FP}\]

\(VN\): Verdadero negativo,
\(FP\): Falso positivo"
"83",NULL,NULL,"An√°lisis de Covarianza (ANCOVA)","vacio"
"84",NULL,NULL,"Correcci√≥n de Bonferroni","vacio"
"85",NULL,NULL,"Contrastes de Helmert","vacio"
"86",NULL,NULL,"An√°lisis de correspondencias","vacio"
"87",NULL,NULL,"Prueba de Duncan","vacio"
"88",NULL,NULL,"Regresi√≥n log√≠stica","vacio"
"89",NULL,NULL,"Prueba de McNemar","vacio"
"90",NULL,NULL,"Valor predictivo positivo","\[VPP=\frac{VP}{VP+FP}\]"
"91",NULL,NULL,"Valor predictivo negativo","\[VPN=\frac{VN}{FN+VN}\]"
"92",NULL,NULL,"Coeficiente kappa de Cohen","vacio"
"93",NULL,NULL,"Rotaci√≥n oblicua","Usar cuando no se indica espec√≠ficamente cual es."
"94",NULL,NULL,"Root mean square residual (RMR)","vacio"
"95",NULL,NULL,"Normed fit index (NFI)","vacio"
"96",NULL,NULL,"Goodness of fit index (GFI)","vacio"
"97",NULL,NULL,"Tucker-Lewis index (TLI)","vacio"
"98",NULL,NULL,"Tau c de Kendall","vacio"
"99",NULL,NULL,"√çndice de rotaci√≥n de personal (IRP)","\[IRP=  \frac{100\frac{A+D}{2}}{EM}\]

\(A\): Admisiones de personal en el √°rea considerada dentro del periodo considerado.
<br>
\(D\): Desvinculaci√≥n de personal en el √°rea considerada dentro del periodo considerada. 
<br>
\(EM\): Efectivo medio del √°rea dentro del periodo considerado. Puede ser obtenido por la 
suma de los efectivos existentes en la iniciaci√≥n y en la finalizaci√≥n del periodo, dividida 
por dos."
"100",NULL,NULL,"√çndice de rotaci√≥n de personal (IRP) (Con recepci√≥n y transferencia de subsistemas)","\[IRP=  \frac{100\frac{A+D}{2}+R+T}{EM}\]
\(R\): Recepci√≥n de personal por transferencia de otros subsistemas 

\(T\): Transferencias de personal para otros subsistemas."
"101",NULL,NULL,"Satorra-Bentler-scaled chi-square statistic (SB-œá2)","vacio"
"102",NULL,NULL,"Incremental Fit Index (IFI)","vacio"
"103",NULL,NULL,"Lambda de Wilks","vacio"
"104",NULL,NULL,"Coeficiente Omega (œâ)","vacio"
"105",NULL,NULL,"Ecuaci√≥n de la muestra (Versi√≥n 1)","\[n =  \frac{Nz^2}{4Ne^2+z^2}\]"
"106",NULL,NULL,"Prueba de igualdad de varianzas de Levene","vacio"
"107",NULL,NULL,"ùë° de Student para muestras independientes asumiendo varianzas poblacionales diferentes","vacio"
"108",NULL,NULL,"Œ± ordinal","vacio"
"109",NULL,NULL,"Chi-cuadrado / grados de libertad (œá2/gl)","vacio"
"110",NULL,NULL,"Theta de Armor","vacio"
"111",NULL,NULL,"Correlaci√≥n biserial-puntual","vacio"
"112",NULL,NULL,"Muestreo probabil√≠stico, estratificado proporcional (Torres, 1998)","\[ n_0 =  \frac{n}{1+ \frac{n-1}{N}} \]

\(n\): Valor de la muestra inicial (preliminar) 

<br>
\(n_0\): Muestra ajustada

<br>
\(N\): Poblaci√≥n"
"113",NULL,NULL,"Muestra por estratos (Hernandez, Fernandez y Baptista, 1999, p. 212)","\[ksh=\frac{n}{N}\]"
"114",NULL,NULL,"F√≥rmula de Rulon","vacio"
"115",NULL,NULL,"√Årea bajo la curva ROC","Llamada com√∫nmente AUC (√Årea Bajo la Curva). Tambi√©n se puede encontrar denominada A' (‚Äúa-prima‚Äù),‚Äã o el estad√≠stico 'c' (c-statistic)"
"116",NULL,NULL,"Ecuaci√≥n de la muestra (Versi√≥n 2)","\[n_e = \frac{n_e}{N}n\]

<br>

Esta ecuaci√≥n parece no tener sentido ya que \(n_e\) se cancela en la ecuaci√≥n."
"117",NULL,NULL,"Standardized root mean squared residual (SRMR)","vacio"
"118",NULL,NULL,"Coeficiente H","El coeficiente H eval√∫a la confiabilidad del constructo desde el enfoque SEM, dado que puede ser inadecuado el uso de los estimadores de confiabilidad habituales si no se cumplen algunos supuestos b√°sicos."
"119",NULL,NULL,"√çndice de Rotaci√≥n","\(NES\): N√∫mero de empleados separados
<br>
\(PEO\): Promedio efectivo de la organizaci√≥n
<br>
\(IR\): Indice de Rotacion
<br>
\[IR=\frac{NES}{PEO}\]"
"120",NULL,NULL,"Test HSD (Honestly-significant-difference) de Tukey","vacio"
"121",NULL,NULL,"V de Cramer","vacio"
"122",NULL,NULL,"Regresi√≥n log√≠stica binaria","vacio"
"123",NULL,NULL,"Prueba binomial","Utilizada para hallar la validez del instrumento"
"124",NULL,NULL,"CoeÔ¨Åciente Angoff-Feldt","vacio"
"125",NULL,NULL,"Ecuaci√≥n de la muestra para estimar la media","\[n=\frac{N Z^2 \sigma^2}{e^2(N-1)+Z^2 \sigma^2}\]"
"126",NULL,NULL,"Modelo de motivaci√≥n laboral presentado por V√≠ctor Vroom (1962)","\[Motivaci√≥n = V \times E \times M\]<br>
\(V\): Valencia
<br>\(E\): Expectativa
<br>\(M\): Medios
<br>"
"127",NULL,NULL,"Productividad (Gaither y Frazier, 2000)","\[ 
Productividad =\frac{ Cantidad \ de \ productos \ o \ servicios realizados}{Cantidad \ de \ recursos \ utilizado}
\]"
"128",NULL,NULL,"Escala Stanones","vacio"
"129",NULL,NULL,"Chi Cuadrada con residuos tipificados","vacio"
"130",NULL,NULL,"Normalizaci√≥n Promax con Kaiser","vacio"
"131",NULL,NULL,"Motivaci√≥n de logro y las expectativas  x valor (Atkinson, 1957 citado en Schunk, 1997)","\[Ts = Ms \times Ps  \times Is\]

\[Taf = Maf  \times Pf  \times (-Is)\]

\[Ta = Ts ‚ÄìTaf\]
<br>
\(Ts\): Tendencia a acercarse a una meta relacionada con los logros
<br>
\(Ms\): Motivo para tener √©xito (Motivaci√≥n  de  logro)
<br>
\(Ps\): Probabilidad subjetiva de √©xito 
<br>
\(Is\):valor de incentivo del √©xito 
<br>
\(Ts\): Tendencia a evitar el fracaso
<br>
\(Taf\): Tendencia  a  evitar  el  fracaso 
<br>
\(Maf\): Motivaci√≥n  para  evitar  el  fracaso  
<br>
\(Pf\): Probabilidad  del fracaso 
<br>
\(-Is\): Inverso del valor incentivo del √©xito 
<br>
\(Ta\): Motivaci√≥n resultante de logro"
"132",NULL,NULL,"Prueba de Mardia","Normalidad multivariada"
"133",NULL,NULL,"M√©todo Feldt","Comparar los alfa de Cronbach de las escalas totales a fin de encontrar diferencias significativas entre ellos"
"134",NULL,NULL,"M√©todo de m√°xima verosimilitud","Usado en el an√°lisis factorial exploratorio"
"135",NULL,NULL,"Regla de Sturges","\[k = 1+1.322 \log (N) \]"
"136",NULL,NULL,"Factorizaci√≥n de Ejes Principales (FEP)","vacio"
"137",NULL,NULL,"Adecuaci√≥n del tama√±o de la muestra (Hoelter, 1983)","vacio"
"138",NULL,NULL,"r de Rosenthal","vacio"
